ArmorId,_clone,PowerLevel,BallisticArmor,PhysicalArmor,BallisticArmorDegraded,PhysicalArmorDegraded,MaxArmorPoints,InitPenalty,MovementRate,CarryCapacity,_comment
901000,22200,1,74,74,20,20,1,0,0,2,adaptive tier PL 1 (clone of 22200)
901001,22200,2,75,75,22,22,1,0,0,2,adaptive tier PL 2 (clone of 22200)
901002,22200,3,76,76,24,24,1,0,0,2,adaptive tier PL 3 (clone of 22200)
901003,22200,4,76,76,26,26,1,0,0,2,adaptive tier PL 4 (clone of 22200)
901004,22200,5,77,78,28,28,1,0,0,2,adaptive tier PL 5 (clone of 22200)
901005,22200,6,78,78,30,30,1,0,0,2,adaptive tier PL 6 (clone of 22200)
901006,22200,7,79,79,32,32,1,0,0,2,adaptive tier PL 7 (clone of 22200)
901007,22200,8,79,79,33,33,1,0,0,2,adaptive tier PL 8 (clone of 22200)
901008,22200,9,80,80,35,35,1,0,0,2,adaptive tier PL 9 (clone of 22200)
901009,22200,10,81,81,37,37,1,0,0,2,adaptive tier PL 10 (clone of 22200)
901010,22200,11,81,81,38,38,1,0,0,2,adaptive tier PL 11 (clone of 22200)
901011,22200,12,82,82,40,40,1,0,0,2,adaptive tier PL 12 (clone of 22200)
901012,22200,13,82,82,41,41,1,0,0,2,adaptive tier PL 13 (clone of 22200)
901013,22200,14,83,83,43,43,1,0,0,2,adaptive tier PL 14 (clone of 22200)
901014,22200,15,84,84,44,44,1,0,0,2,adaptive tier PL 15 (clone of 22200)
901015,22200,16,84,84,46,46,1,0,0,2,adaptive tier PL 16 (clone of 22200)
901016,22200,17,85,85,47,47,1,0,0,2,adaptive tier PL 17 (clone of 22200)
901017,22200,18,85,85,49,49,1,0,0,2,adaptive tier PL 18 (clone of 22200)
901018,22200,19,86,86,50,50,1,0,0,2,adaptive tier PL 19 (clone of 22200)
901019,22200,20,86,86,51,51,1,0,0,2,adaptive tier PL 20 (clone of 22200)
901060,135,1,82,77,35,25,5,0,0,2,drone-infantry tier PL 1 (clone of 135)
901061,135,2,82,77,35,25,5,0,0,2,drone-infantry tier PL 2 (clone of 135)
901062,135,3,82,77,35,25,5,0,0,2,drone-infantry tier PL 3 (clone of 135)
901063,135,4,82,77,35,25,5,0,0,2,drone-infantry tier PL 4 (clone of 135)
901064,135,5,82,77,35,25,5,0,0,2,drone-infantry tier PL 5 (clone of 135)
901065,135,6,82,77,35,25,5,0,0,2,drone-infantry tier PL 6 (clone of 135)
901066,135,7,82,77,35,25,5,0,0,2,drone-infantry tier PL 7 (clone of 135)
901067,135,8,82,77,35,25,5,0,0,2,drone-infantry tier PL 8 (clone of 135)
901068,135,9,82,77,35,25,5,0,0,2,drone-infantry tier PL 9 (clone of 135)
901069,135,10,82,77,35,25,5,0,0,2,drone-infantry tier PL 10 (clone of 135)
901070,135,11,83,79,38,27,5,0,0,2,drone-infantry tier PL 11 (clone of 135)
901071,135,12,84,80,40,30,5,0,0,2,drone-infantry tier PL 12 (clone of 135)
901072,135,13,85,81,43,32,6,0,0,2,drone-infantry tier PL 13 (clone of 135)
901073,135,14,85,82,45,34,6,0,0,2,drone-infantry tier PL 14 (clone of 135)
901074,135,15,86,83,47,36,6,0,0,2,drone-infantry tier PL 15 (clone of 135)
901075,135,16,86,84,49,38,6,0,0,2,drone-infantry tier PL 16 (clone of 135)
901076,135,17,87,85,51,40,7,0,0,2,drone-infantry tier PL 17 (clone of 135)
901077,135,18,88,86,53,42,7,0,0,2,drone-infantry tier PL 18 (clone of 135)
901078,135,19,88,86,55,43,7,0,0,2,drone-infantry tier PL 19 (clone of 135)
901079,135,20,89,87,57,45,7,0,0,2,drone-infantry tier PL 20 (clone of 135)
22000,,1,0,0,36,36,0,0,0,2,"guard-standard tier PL 1 - shipped row, retuned"
22001,,2,0,0,38,38,0,0,0,2,"guard-standard tier PL 2 - shipped row, retuned"
22002,,3,0,0,40,39,0,0,0,2,"guard-standard tier PL 3 - shipped row, retuned"
22003,,4,0,0,41,41,0,0,0,2,"guard-standard tier PL 4 - shipped row, retuned"
22004,,5,0,0,43,42,0,0,0,2,"guard-standard tier PL 5 - shipped row, retuned"
22005,,6,0,0,44,44,0,0,0,2,"guard-standard tier PL 6 - shipped row, retuned"
22006,,7,0,0,46,45,0,0,0,2,"guard-standard tier PL 7 - shipped row, retuned"
22007,,8,0,0,47,46,0,0,0,2,"guard-standard tier PL 8 - shipped row, retuned"
22008,,9,0,0,49,48,0,0,0,2,"guard-standard tier PL 9 - shipped row, retuned"
22009,,10,0,0,50,49,0,0,0,2,"guard-standard tier PL 10 - shipped row, retuned"
22010,22009,11,0,0,51,50,0,0,0,2,guard-standard tier PL 11 (clone of 22009)
22011,22009,12,0,0,53,52,0,0,0,2,guard-standard tier PL 12 (clone of 22009)
22012,22009,13,0,0,54,53,0,0,0,2,guard-standard tier PL 13 (clone of 22009)
22013,22009,14,0,0,55,54,0,0,0,2,guard-standard tier PL 14 (clone of 22009)
22014,22009,15,0,0,56,55,0,0,0,2,guard-standard tier PL 15 (clone of 22009)
22015,22009,16,0,0,58,56,0,0,0,2,guard-standard tier PL 16 (clone of 22009)
22016,22009,17,0,0,59,57,0,0,0,2,guard-standard tier PL 17 (clone of 22009)
22017,22009,18,0,0,60,58,0,0,0,2,guard-standard tier PL 18 (clone of 22009)
22018,22009,19,0,0,61,59,0,0,0,2,guard-standard tier PL 19 (clone of 22009)
22019,22009,20,0,0,62,60,0,0,0,2,guard-standard tier PL 20 (clone of 22009)
901020,22300,1,65,65,20,20,1,0,0,2,heavy tier PL 1 (clone of 22300)
901021,22300,2,70,70,22,22,2,-2,0,2,heavy tier PL 2 (clone of 22300)
901022,22300,3,71,71,24,24,2,-2,0,2,heavy tier PL 3 (clone of 22300)
901023,22300,4,74,74,27,27,2,-2,0,2,heavy tier PL 4 (clone of 22300)
901024,22300,5,76,76,29,29,2,-2,0,2,heavy tier PL 5 (clone of 22300)
901025,22300,6,78,78,31,31,2,-2,0,2,heavy tier PL 6 (clone of 22300)
901026,22300,7,82,83,33,33,3,-2,0,2,heavy tier PL 7 (clone of 22300)
901027,22300,8,83,83,34,34,3,-2,0,2,heavy tier PL 8 (clone of 22300)
901028,22300,9,84,84,36,36,3,-2,0,2,heavy tier PL 9 (clone of 22300)
901029,22300,10,85,85,38,38,3,-2,0,2,heavy tier PL 10 (clone of 22300)
901030,22300,11,86,86,40,40,3,-2,0,2,heavy tier PL 11 (clone of 22300)
901031,22300,12,88,88,41,41,3,-2,0,2,heavy tier PL 12 (clone of 22300)
901032,22300,13,89,89,43,43,4,-2,0,2,heavy tier PL 13 (clone of 22300)
901033,22300,14,90,90,45,45,4,-2,0,2,heavy tier PL 14 (clone of 22300)
901034,22300,15,91,91,46,46,4,-2,0,2,heavy tier PL 15 (clone of 22300)
901035,22300,16,91,91,48,48,4,-2,0,2,heavy tier PL 16 (clone of 22300)
901036,22300,17,92,92,49,49,5,-2,0,2,heavy tier PL 17 (clone of 22300)
901037,22300,18,93,93,51,51,5,-2,0,2,heavy tier PL 18 (clone of 22300)
901038,22300,19,94,94,52,52,5,-2,0,2,heavy tier PL 19 (clone of 22300)
901039,22300,20,94,94,53,53,5,-2,0,2,heavy tier PL 20 (clone of 22300)
22511,,1,65,58,20,18,2,0,0,2,"hovertank tier PL 1 - shipped row, retuned"
22512,,2,70,63,23,20,2,0,0,2,"hovertank tier PL 2 - shipped row, retuned"
22513,,3,74,67,26,22,2,0,0,2,"hovertank tier PL 3 - shipped row, retuned"
22514,,4,75,68,28,24,2,0,0,2,"hovertank tier PL 4 - shipped row, retuned"
22515,,5,77,68,31,26,3,0,0,2,"hovertank tier PL 5 - shipped row, retuned"
22516,,6,79,68,33,28,3,0,0,2,"hovertank tier PL 6 - shipped row, retuned"
22517,,7,81,68,35,30,3,0,0,2,"hovertank tier PL 7 - shipped row, retuned"
22518,,8,83,69,38,32,3,0,0,2,"hovertank tier PL 8 - shipped row, retuned"
22519,,9,84,71,40,34,3,0,0,2,"hovertank tier PL 9 - shipped row, retuned"
22520,,10,86,72,42,35,3,0,0,2,"hovertank tier PL 10 - shipped row, retuned"
901050,22520,11,87,73,44,37,3,0,0,2,hovertank tier PL 11 (clone of 22520)
901051,22520,12,89,74,46,39,3,0,0,2,hovertank tier PL 12 (clone of 22520)
901052,22520,13,90,76,48,40,3,0,0,2,hovertank tier PL 13 (clone of 22520)
901053,22520,14,91,77,50,42,3,0,0,2,hovertank tier PL 14 (clone of 22520)
901054,22520,15,92,78,51,43,4,0,0,2,hovertank tier PL 15 (clone of 22520)
901055,22520,16,92,79,53,45,4,0,0,2,hovertank tier PL 16 (clone of 22520)
901056,22520,17,93,80,55,46,4,0,0,2,hovertank tier PL 17 (clone of 22520)
901057,22520,18,94,81,56,48,4,0,0,2,hovertank tier PL 18 (clone of 22520)
901058,22520,19,94,81,58,49,4,0,0,2,hovertank tier PL 19 (clone of 22520)
901059,22520,20,95,82,59,50,4,0,0,2,hovertank tier PL 20 (clone of 22520)
22522,,1,65,58,20,18,3,0,0,2,"lighter-drone tier PL 1 - shipped row, retuned"
22523,,2,70,63,23,21,3,0,0,2,"lighter-drone tier PL 2 - shipped row, retuned"
22524,,3,74,67,26,23,3,0,0,2,"lighter-drone tier PL 3 - shipped row, retuned"
22525,,4,75,68,29,25,3,0,0,2,"lighter-drone tier PL 4 - shipped row, retuned"
22526,,5,78,71,32,28,3,0,0,2,"lighter-drone tier PL 5 - shipped row, retuned"
22527,,6,80,73,35,30,3,0,0,2,"lighter-drone tier PL 6 - shipped row, retuned"
22528,,7,82,76,38,32,3,0,0,2,"lighter-drone tier PL 7 - shipped row, retuned"
22529,,8,84,78,40,34,4,0,0,2,"lighter-drone tier PL 8 - shipped row, retuned"
22530,,9,86,80,43,36,4,0,0,2,"lighter-drone tier PL 9 - shipped row, retuned"
22531,,10,87,81,45,38,4,0,0,2,"lighter-drone tier PL 10 - shipped row, retuned"
22532,22531,11,89,83,47,40,4,0,0,2,lighter-drone tier PL 11 (clone of 22531)
22533,22531,12,90,85,49,42,4,0,0,2,lighter-drone tier PL 12 (clone of 22531)
22534,22531,13,91,86,51,44,4,0,0,2,lighter-drone tier PL 13 (clone of 22531)
22535,22531,14,92,87,53,45,4,0,0,2,lighter-drone tier PL 14 (clone of 22531)
22536,22531,15,93,88,55,47,5,0,0,2,lighter-drone tier PL 15 (clone of 22531)
22537,22531,16,93,89,57,49,5,0,0,2,lighter-drone tier PL 16 (clone of 22531)
22538,22531,17,94,90,59,50,5,0,0,2,lighter-drone tier PL 17 (clone of 22531)
22539,22531,18,95,91,61,52,5,0,0,2,lighter-drone tier PL 18 (clone of 22531)
22540,22531,19,101,92,62,53,5,0,0,2,lighter-drone tier PL 19 (clone of 22531)
22541,22531,20,107,92,64,55,5,0,0,2,lighter-drone tier PL 20 (clone of 22531)
22100,,1,0,0,40,26,0,0,0,2,"sniper tier PL 1 - shipped row, retuned"
22101,,2,0,0,43,30,0,0,0,2,"sniper tier PL 2 - shipped row, retuned"
22102,,3,0,0,46,33,0,0,0,2,"sniper tier PL 3 - shipped row, retuned"
22103,,4,0,0,49,36,0,0,0,2,"sniper tier PL 4 - shipped row, retuned"
22104,,5,0,0,51,39,0,0,0,2,"sniper tier PL 5 - shipped row, retuned"
22105,,6,0,0,54,42,0,0,0,2,"sniper tier PL 6 - shipped row, retuned"
22116,22105,7,0,0,56,45,0,0,0,2,sniper tier PL 7 (clone of 22105)
22117,22105,8,0,0,59,47,0,0,0,2,sniper tier PL 8 (clone of 22105)
22118,22105,9,0,0,61,50,0,0,0,2,sniper tier PL 9 (clone of 22105)
22119,22105,10,0,0,63,52,0,0,0,2,sniper tier PL 10 (clone of 22105)
22106,22105,11,0,0,65,54,0,0,0,2,sniper tier PL 11 (clone of 22105)
22107,22105,12,0,0,67,57,0,0,0,2,sniper tier PL 12 (clone of 22105)
22108,22105,13,0,0,68,59,0,0,0,2,sniper tier PL 13 (clone of 22105)
22109,22105,14,0,0,70,61,0,0,0,2,sniper tier PL 14 (clone of 22105)
22110,22105,15,0,0,71,62,0,0,0,2,sniper tier PL 15 (clone of 22105)
22111,22105,16,0,0,73,64,0,0,0,2,sniper tier PL 16 (clone of 22105)
22112,22105,17,0,0,74,66,0,0,0,2,sniper tier PL 17 (clone of 22105)
22113,22105,18,0,0,76,67,0,0,0,2,sniper tier PL 18 (clone of 22105)
22114,22105,19,0,0,77,69,0,0,0,2,sniper tier PL 19 (clone of 22105)
22115,22105,20,0,0,78,70,0,0,0,2,sniper tier PL 20 (clone of 22105)
22400,,1,65,65,20,20,2,-2,0,2,"superheavy tier PL 1 - shipped row, retuned"
22401,,2,74,74,23,23,3,-2,0,2,"superheavy tier PL 2 - shipped row, retuned"
22402,,3,78,78,27,27,3,-2,0,2,"superheavy tier PL 3 - shipped row, retuned"
22403,,4,83,81,30,30,3,-2,0,2,"superheavy tier PL 4 - shipped row, retuned"
22404,,5,87,87,33,33,4,-4,0,2,"superheavy tier PL 5 - shipped row, retuned"
22405,,6,90,88,36,35,4,-4,0,2,"superheavy tier PL 6 - shipped row, retuned"
22406,,7,92,90,38,38,4,-4,0,2,"superheavy tier PL 7 - shipped row, retuned"
22407,,8,94,92,42,41,4,-4,0,2,"superheavy tier PL 8 - shipped row, retuned"
22408,,9,95,93,44,43,4,-4,0,2,"superheavy tier PL 9 - shipped row, retuned"
22409,,10,96,95,46,45,4,-4,0,2,"superheavy tier PL 10 - shipped row, retuned"
22410,22409,11,102,101,48,48,4,-4,0,2,superheavy tier PL 11 (clone of 22409)
22411,22409,12,108,107,51,50,4,-4,0,2,superheavy tier PL 12 (clone of 22409)
22412,22409,13,114,113,53,52,5,-4,0,2,superheavy tier PL 13 (clone of 22409)
22413,22409,14,121,120,55,54,5,-4,0,2,superheavy tier PL 14 (clone of 22409)
22414,22409,15,128,127,57,56,5,-4,0,2,superheavy tier PL 15 (clone of 22409)
22415,22409,16,136,135,58,58,5,-4,0,2,superheavy tier PL 16 (clone of 22409)
22416,22409,17,144,143,60,59,6,-4,0,2,superheavy tier PL 17 (clone of 22409)
22417,22409,18,153,151,62,61,6,-4,0,2,superheavy tier PL 18 (clone of 22409)
22418,22409,19,162,161,64,63,6,-4,0,2,superheavy tier PL 19 (clone of 22409)
22419,22409,20,172,170,65,64,6,-4,0,2,superheavy tier PL 20 (clone of 22409)
22500,,1,65,73,18,20,2,0,0,2,"turret tier PL 1 - shipped row, retuned"
22501,,2,70,78,21,23,2,0,0,2,"turret tier PL 2 - shipped row, retuned"
22502,,3,74,83,23,25,2,0,0,2,"turret tier PL 3 - shipped row, retuned"
22503,,4,75,85,25,28,2,0,0,2,"turret tier PL 4 - shipped row, retuned"
22504,,5,77,90,28,30,3,0,0,2,"turret tier PL 5 - shipped row, retuned"
22505,,6,79,90,30,33,3,0,0,2,"turret tier PL 6 - shipped row, retuned"
22506,,7,81,92,32,35,3,0,0,2,"turret tier PL 7 - shipped row, retuned"
22507,,8,83,93,34,37,3,0,0,2,"turret tier PL 8 - shipped row, retuned"
22508,,9,84,95,36,39,3,0,0,2,"turret tier PL 9 - shipped row, retuned"
22509,,10,86,101,38,41,3,0,0,2,"turret tier PL 10 - shipped row, retuned"
901040,22509,11,87,107,40,43,3,0,0,2,turret tier PL 11 (clone of 22509)
901041,22509,12,89,113,42,45,3,0,0,2,turret tier PL 12 (clone of 22509)
901042,22509,13,90,120,44,47,3,0,0,2,turret tier PL 13 (clone of 22509)
901043,22509,14,91,127,45,49,3,0,0,2,turret tier PL 14 (clone of 22509)
901044,22509,15,92,135,47,51,4,0,0,2,turret tier PL 15 (clone of 22509)
901045,22509,16,92,143,49,52,4,0,0,2,turret tier PL 16 (clone of 22509)
901046,22509,17,93,151,50,54,4,0,0,2,turret tier PL 17 (clone of 22509)
901047,22509,18,94,161,52,56,4,0,0,2,turret tier PL 18 (clone of 22509)
901048,22509,19,94,170,53,57,4,0,0,2,turret tier PL 19 (clone of 22509)
901049,22509,20,95,180,55,59,4,0,0,2,turret tier PL 20 (clone of 22509)
